,,Our DNA - Event Naming,,,,,,,,,,,,,,,,,,,,,,,,,,,,,,,,,,,,,
Import to GA4,,,,,,,,,,,,,,TRUE,TRUE,TRUE,FALSE,FALSE,FALSE,FALSE,FALSE,FALSE,FALSE,FALSE,FALSE,FALSE,FALSE,FALSE,FALSE,FALSE,FALSE,FALSE,FALSE,FALSE,FALSE,FALSE,TRUE,FALSE,TRUE
Has been imported,,,,,,,,,,,,,,TRUE,TRUE,TRUE,FALSE,FALSE,FALSE,FALSE,FALSE,FALSE,FALSE,FALSE,FALSE,FALSE,FALSE,FALSE,FALSE,FALSE,FALSE,FALSE,FALSE,FALSE,FALSE,FALSE,TRUE,FALSE,TRUE
need to be added to GTM,,,,,,,,,,,,,,TRUE,TRUE,TRUE,FALSE,TRUE,TRUE,TRUE,TRUE,FALSE,FALSE,FALSE,FALSE,FALSE,FALSE,FALSE,FALSE,FALSE,TRUE,TRUE,TRUE,TRUE,TRUE,TRUE,TRUE,TRUE,TRUE
Description,Trigger,Set-up,Default tracking,"Doc Done","GTM Work Done","Dev Work Done","Work Check","Work Pass",Key event,Key event set in GA4,"custom built in",Testing Notes,Event name,name,type,txt_value,search_term,percentage_scrolled,web_vitals_measurement_id,web_vitals_measurement_value,web_vitals_value,video_current_time,video_duration,video_percent,video_provider,video_title,video_url,visible,file_extension,file_name,link_classes,link_domain,link_id,link_text,link_url,outbound,language_selected,timestamp,GTM_ID
config tag,All pages,GTM Only,FALSE,FALSE,TRUE,FALSE,TRUE,TRUE,FALSE,FALSE,NA,,NA,,,,,,,,,,,,,,,,,,,,,,,,language_selected,timestamp,GTM_ID
Page view,All pages,GTM Only,FALSE,FALSE,TRUE,FALSE,TRUE,TRUE,FALSE,FALSE,custom,,page_view,,,,,,,,,,,,,,,,,,,,,,,,,,
when the video starts playing, ,GTM Only,TRUE,FALSE,TRUE,FALSE,FALSE,FALSE,FALSE,FALSE,built in,,video_start,,,,,,,,,video_current_time,video_duration,video_percent,video_provider,video_title,video_url,visible,,,,,,,,,,,
"when the video progresses past 10%, 25%, 50%, and 75% duration time",,GTM Only,TRUE,FALSE,TRUE,FALSE,FALSE,FALSE,FALSE,FALSE,built in,,video_progress,,,,,,,,,video_current_time,video_duration,video_percent,video_provider,video_title,video_url,visible,,,,,,,,,,,
when the video ends,,GTM Only,TRUE,FALSE,TRUE,FALSE,FALSE,FALSE,FALSE,FALSE,built in,,video_complete,,,,,,,,,video_current_time,video_duration,video_percent,video_provider,video_title,video_url,visible,,,,,,,,,,,
When a file is downloaded,,GTM Only,TRUE,FALSE,TRUE,FALSE,TRUE,TRUE,FALSE,FALSE,built in,,file_download,,,,,,,,,,,,,,,,file_extension,file_name,link_classes,link_domain,link_id,link_text,link_url,,,,
"Scroll down to 25, 50,75,90%",,GTM Only,FALSE,FALSE,TRUE,FALSE,TRUE,TRUE,FALSE,FALSE,custom,,scroll,,,,,percentage_scrolled,,,,,,,,,,,,,,,,,,,,,
When a search occurs,,,TRUE,FALSE,FALSE,FALSE,FALSE,FALSE,FALSE,FALSE,built in,,view_search_results,,,,search term,,,,,,,,,,,,,,,,,,,,,,
First field of the form is interacted with,Custom event - custom.form.start,Doc Required,FALSE,TRUE,TRUE,FALSE,FALSE,FALSE,FALSE,FALSE,custom,,form_start,form name,,,,,,,,,,,,,,,,,,,,,,,,,
Form error,Custom event - custom.form.error,Doc Required,FALSE,TRUE,TRUE,FALSE,FALSE,FALSE,FALSE,FALSE,custom,,form_error,form name,,error text,,,,,,,,,,,,,,,,,,,,,,,
"Form is submitted (including contact form, partner with us and newsletter sign up)",Custom event - custom.form.complete,Doc Required,FALSE,TRUE,TRUE,FALSE,FALSE,FALSE,FALSE,FALSE,custom,,form_submit,form name,,,,,,,,,,,,,,,,,,,,,,,,,
Contact form is submitted,Custom event - custom.form.complete,GTM Only,FALSE,FALSE,TRUE,FALSE,FALSE,FALSE,TRUE,TRUE,,,contact_form,,,,,,,,,,,,,,,,,,,,,,,,,,
Partner form is submitted,Custom event - custom.form.complete,GTM Only,FALSE,FALSE,TRUE,FALSE,FALSE,FALSE,TRUE,TRUE,,,partner_form,,,,,,,,,,,,,,,,,,,,,,,,,,
Newsletter sign up form is submitted,Custom event - custom.form.complete,GTM Only,FALSE,FALSE,TRUE,FALSE,FALSE,FALSE,TRUE,TRUE,,,newsletter_signup,,,,,,,,,,,,,,,,,,,,,,,,,,
Clicks the external link to join now,Click - join now,GTM Only,FALSE,FALSE,TRUE,FALSE,TRUE,TRUE,TRUE,TRUE,,,join_now_click,,,,,,,,,,,,,,,,,,,,,,,,
User clicks on a filter,Click - filter,GTM Only,FALSE,FALSE,TRUE,FALSE,TRUE,TRUE,FALSE,FALSE,,,filter,option selected,filter name,,,,,,,,,,,,,,,,,,,,,,,,
User opens an accordion,Click - accordion ,GTM Only,FALSE,FALSE,TRUE,FALSE,TRUE,FALSE,FALSE,FALSE,,,accordion_open,header text,open,,,,,,,,,,,,,,,,,,,,,,,,
User closes an accordion,Click - accordion,GTM Only,FALSE,FALSE,TRUE,FALSE,TRUE,FALSE,FALSE,FALSE,,,accordion_close,header text,close,,,,,,,,,,,,,,,,,,,,,,,,
Language selctor is clicked,Click - language selector,GTM Only,FALSE,FALSE,TRUE,FALSE,TRUE,FALSE,FALSE,FALSE,,,language_selector,language,,,,,,,,,,,,,,,,,,,,,,,language_selected,,
User clicks on mega menu,Click - menu,GTM Only,FALSE,FALSE,TRUE,FALSE,TRUE,FALSE,FALSE,FALSE,custom,,navigation,link text,menu,,,,,,,,,,,,,,,,link_classes,,link_id,link_text,link_url,FALSE,,,
User clicks on the footer,Click - footer,GTM Only,FALSE,FALSE,TRUE,FALSE,TRUE,FALSE,FALSE,FALSE,custom,,navigation,link text,footer,,,,,,,,,,,,,,,,link_classes,,link_id,link_text,link_url,FALSE,,,
User clicks on a CTA,Click - CTA,GTM Only,FALSE,FALSE,TRUE,FALSE,TRUE,FALSE,FALSE,FALSE,custom,,navigation,link text,CTA,,,,,,,,,,,,,,,,link_classes,,link_id,link_text,link_url,FALSE,,,
User clicks on an email,Click - email,GTM Only,FALSE,FALSE,TRUE,FALSE,TRUE,FALSE,FALSE,FALSE,custom,,navigation,link text,email,,,,,,,,,,,,,,,,link_classes,,link_id,link_text,link_url,FALSE,,,
User clicks on a phone,Click - phone,GTM Only,FALSE,FALSE,TRUE,FALSE,TRUE,FALSE,FALSE,FALSE,custom,,navigation,link text,phone number,,,,,,,,,,,,,,,,link_classes,,link_id,link_text,link_url,FALSE,,,
Outbound clicks,Click - outbound,GTM Only,FALSE,FALSE,TRUE,FALSE,TRUE,FALSE,FALSE,FALSE,custom,,navigation,link text,outbound links,,,,,,,,,,,,,,,,link_classes,link_domain,link_id,link_text,link_url,TRUE,,,
click on any other link,Click - internal,GTM Only,FALSE,FALSE,TRUE,FALSE,TRUE,FALSE,FALSE,FALSE,custom,,navigation,link text,internal links,,,,,,,,,,,,,,,,link_classes,,link_id,link_text,link_url,FALSE,,,
view 404 page,Page view - 404 page,GTM Only,FALSE,FALSE,TRUE,FALSE,TRUE,FALSE,FALSE,FALSE,custom,,404_view,,,,,,,,,,,,,,,,,,,,,,,,,,
Core Web vitals for loading,,GTM Only,FALSE,FALSE,TRUE,FALSE,TRUE,FALSE,FALSE,FALSE,custom,,LCP,,,,,,web_vitals_measurement_id,web_vitals_measurement_value,value,,,,,,,,,,,,,,,,,,
Core Web vitals for loading,,GTM Only,FALSE,FALSE,TRUE,FALSE,TRUE,FALSE,FALSE,FALSE,custom,,FID,,,,,,web_vitals_measurement_id,web_vitals_measurement_value,value,,,,,,,,,,,,,,,,,,
Core Web vitals for loading,,GTM Only,FALSE,FALSE,TRUE,FALSE,TRUE,FALSE,FALSE,FALSE,custom,,CLS,,,,,,web_vitals_measurement_id,web_vitals_measurement_value,value,,,,,,,,,,,,,,,,,,